{"cameraMode":{"drawMode":0,"name":"Shaded","section":"Shading Mode"},"sceneLighting":false,"audioPlay":false,"sceneViewState":{"m_AlwaysRefresh":false,"showFog":true,"showSkybox":false,"showFlares":true,"showImageEffects":true,"showParticleSystems":true,"showVisualEffectGraphs":true,"m_FxEnabled":true},"in2DMode":false,"pivot":{"x":-0.028809040784835817,"y":0.18185307085514069,"z":-0.031060755252838136},"rotation":{"x":0.31698358058929446,"y":-0.1103731244802475,"z":0.03909221291542053,"w":0.9417275190353394},"size":0.28768643736839297,"orthographic":true}