{"cameraMode":{"drawMode":0,"name":"Shaded","section":"Shading Mode"},"sceneLighting":true,"audioPlay":false,"sceneViewState":{"m_AlwaysRefresh":false,"showFog":true,"showSkybox":true,"showFlares":true,"showImageEffects":true,"showParticleSystems":true,"showVisualEffectGraphs":true,"m_FxEnabled":true},"in2DMode":false,"pivot":{"x":-13.198040008544922,"y":4.629132270812988,"z":0.4268007278442383},"rotation":{"x":-0.3603377938270569,"y":0.03513459488749504,"z":-0.009505231864750386,"w":-0.9330713748931885},"size":115.80457305908203,"orthographic":true}