{"cameraMode":{"drawMode":0,"name":"Shaded","section":"Shading Mode"},"sceneLighting":true,"audioPlay":false,"sceneViewState":{"m_AlwaysRefresh":false,"showFog":true,"showSkybox":true,"showFlares":true,"showImageEffects":true,"showParticleSystems":true,"showVisualEffectGraphs":true,"m_FxEnabled":true},"in2DMode":false,"pivot":{"x":24.068870544433595,"y":103.22760009765625,"z":-69.33487701416016},"rotation":{"x":-0.4929540455341339,"y":0.25991520285606387,"z":-0.15040653944015504,"w":-0.8176998496055603},"size":105.61322021484375,"orthographic":true}