{"cameraMode":{"drawMode":0,"name":"Shaded","section":"Shading Mode"},"sceneLighting":true,"audioPlay":false,"sceneViewState":{"m_AlwaysRefresh":false,"showFog":true,"showSkybox":true,"showFlares":true,"showImageEffects":true,"showParticleSystems":true,"showVisualEffectGraphs":true,"m_FxEnabled":true},"in2DMode":false,"pivot":{"x":-100.28053283691406,"y":-15.223554611206055,"z":70.8089370727539},"rotation":{"x":0.30883830785751345,"y":0.09833352267742157,"z":-0.037069644778966907,"w":0.9465000033378601},"size":139.66346740722657,"orthographic":true}