{"cameraMode":{"drawMode":0,"name":"Shaded","section":"Shading Mode"},"sceneLighting":true,"audioPlay":false,"sceneViewState":{"m_AlwaysRefresh":false,"showFog":true,"showSkybox":true,"showFlares":true,"showImageEffects":true,"showParticleSystems":true,"showVisualEffectGraphs":true,"m_FxEnabled":true},"in2DMode":false,"pivot":{"x":-89.56765747070313,"y":6.436166763305664,"z":-19.348758697509767},"rotation":{"x":0.4288504421710968,"y":-0.05728824809193611,"z":0.021823303773999215,"w":0.9022539258003235},"size":354.07379150390627,"orthographic":true}