{"cameraMode":{"drawMode":0,"name":"Shaded","section":"Shading Mode"},"sceneLighting":false,"audioPlay":false,"sceneViewState":{"m_AlwaysRefresh":false,"showFog":true,"showSkybox":false,"showFlares":true,"showImageEffects":true,"showParticleSystems":true,"showVisualEffectGraphs":true,"m_FxEnabled":true},"in2DMode":false,"pivot":{"x":0.009114369750022889,"y":0.17167116701602937,"z":-0.014023825526237488},"rotation":{"x":0.31698358058929446,"y":-0.1103731244802475,"z":0.03909221291542053,"w":0.9417275190353394},"size":0.2645127475261688,"orthographic":true}