{"cameraMode":{"drawMode":0,"name":"Shaded","section":"Shading Mode"},"sceneLighting":false,"audioPlay":false,"sceneViewState":{"m_AlwaysRefresh":false,"showFog":true,"showSkybox":false,"showFlares":true,"showImageEffects":true,"showParticleSystems":true,"showVisualEffectGraphs":true,"m_FxEnabled":true},"in2DMode":false,"pivot":{"x":0.008836373686790467,"y":0.17022089660167695,"z":0.0031034350395202638},"rotation":{"x":-0.28281232714653017,"y":-0.0799865573644638,"z":0.021339545026421548,"w":-0.9561433792114258},"size":0.23327301442623139,"orthographic":true}